study_word,thisN,test_word,Reference,old_new,textbox.text,testmouse.x,testmouse.y,testmouse.leftButton,testmouse.midButton,testmouse.rightButton,testmouse.time,testmouse.clicked_name,trials.thisRepN,trials.thisTrialN,trials.thisN,trials.thisIndex,trials_2.thisRepN,trials_2.thisTrialN,trials_2.thisN,trials_2.thisIndex,thisRow.t,notes,trial.started,Studytext.started,Studyslider.started,trial.stopped,trials.Studyslider.response,trials.Studyslider.rt,test.started,TestText.started,textbox.started,submit_text.started,testmouse.started,test.stopped,trials_2.textbox.text,trials_2.testmouse.x,trials_2.testmouse.y,trials_2.testmouse.leftButton,trials_2.testmouse.midButton,trials_2.testmouse.rightButton,trials_2.testmouse.time,trials_2.testmouse.clicked_name,TestText.stopped,participant,session,date,expName,expVersion,psychopyVersion,frameRate,expStart
,1,_o_rd,Board,old,,[np.float64(-0.015625)],[np.float64(-0.3033854166666667)],[1],[0],[0],[12.302065700001549],['submit_text'],,,,,0,1,1,10,16.1718079,,,,,,,,16.1584359,16.1718079,16.1718079,16.1718079,0.0019758,28.4607211,,[np.float64(-0.015625)],[np.float64(-0.3033854166666667)],[1],[0],[0],[12.302065700001549],['submit_text'],26.1783869,Par01,1,2025-10-16_22h41.54.477,exp 5,,2025.1.1,60.12368645,2025-10-16 22h42.29.837978 +0530
,2,c_s_io_,Cushion,old,cushion,[np.float64(-0.018229166666666668)],[np.float64(-0.30078125)],[1],[0],[0],[3.7568186999997124],['submit_text'],,,,,0,2,2,14,28.4763238,,,,,,,,28.4637404,28.4763238,28.4763238,28.4763238,0.0029215,32.2208414,cushion,[np.float64(-0.018229166666666668)],[np.float64(-0.30078125)],[1],[0],[0],[3.7568186999997124],['submit_text'],,Par01,1,2025-10-16_22h41.54.477,exp 5,,2025.1.1,60.12368645,2025-10-16 22h42.29.837978 +0530
,3,K_y_,Keys,old,keys,[np.float64(-0.018229166666666668)],[np.float64(-0.30078125)],[1],[0],[0],[2.014340900001116],['submit_text'],,,,,0,3,3,8,32.2294445,,,,,,,,32.223983,32.2294445,32.2294445,32.2294445,0.0030023,34.2385311,keys,[np.float64(-0.018229166666666668)],[np.float64(-0.30078125)],[1],[0],[0],[2.014340900001116],['submit_text'],,Par01,1,2025-10-16_22h41.54.477,exp 5,,2025.1.1,60.12368645,2025-10-16 22h42.29.837978 +0530
,4,_oo_,Book,old,book,[np.float64(-0.018229166666666668)],[np.float64(-0.30078125)],[1],[0],[0],[3.4438913999983924],['submit_text'],,,,,0,4,4,13,34.2539796,,,,,,,,34.2409111,34.2539796,34.2539796,34.2539796,0.0022902,37.6850295,book,[np.float64(-0.018229166666666668)],[np.float64(-0.30078125)],[1],[0],[0],[3.4438913999983924],['submit_text'],,Par01,1,2025-10-16_22h41.54.477,exp 5,,2025.1.1,60.12368645,2025-10-16 22h42.29.837978 +0530
,5,bo_t_e,Bottle,new,bottle,[np.float64(-0.018229166666666668)],[np.float64(-0.30078125)],[1],[0],[0],[6.773714199996903],['submit_text'],,,,,0,5,5,18,37.7005178,,,,,,,,37.6879358,37.7005178,37.7005178,37.7005178,0.0028177,44.4619412,bottle,[np.float64(-0.018229166666666668)],[np.float64(-0.30078125)],[1],[0],[0],[6.773714199996903],['submit_text'],,Par01,1,2025-10-16_22h41.54.477,exp 5,,2025.1.1,60.12368645,2025-10-16 22h42.29.837978 +0530
,6,P_ _tr_,Patry,old,pastry,[np.float64(-0.018229166666666668)],[np.float64(-0.30078125)],[1],[0],[0],[4.122949200005678],['submit_text'],,,,,0,6,6,4,44.4773858,,,,,,,,44.4679816,44.4773858,44.4773858,44.4773858,0.0059112,48.5912261,pastry,[np.float64(-0.018229166666666668)],[np.float64(-0.30078125)],[1],[0],[0],[4.122949200005678],['submit_text'],,Par01,1,2025-10-16_22h41.54.477,exp 5,,2025.1.1,60.12368645,2025-10-16 22h42.29.837978 +0530
,7,T_hi_t,Tshirt,old,tshirt,[np.float64(-0.018229166666666668)],[np.float64(-0.30078125)],[1],[0],[0],[4.692407599999569],['submit_text'],,,,,0,7,7,2,48.6066753,,,,,,,,48.5936802,48.6066753,48.6066753,48.6066753,0.0023308,53.2863489,tshirt,[np.float64(-0.018229166666666668)],[np.float64(-0.30078125)],[1],[0],[0],[4.692407599999569],['submit_text'],,Par01,1,2025-10-16_22h41.54.477,exp 5,,2025.1.1,60.12368645,2025-10-16 22h42.29.837978 +0530
,8,ta_l_,Table,new,table,[np.float64(0.00390625)],[np.float64(-0.3125)],[1],[0],[0],[4.742193499994755],['submit_text'],,,,,0,8,8,15,53.3021742,,,,,,,,53.2891659,53.3021742,53.3021742,53.3021742,0.0027231,58.0316065,table,[np.float64(0.00390625)],[np.float64(-0.3125)],[1],[0],[0],[4.742193499994755],['submit_text'],,Par01,1,2025-10-16_22h41.54.477,exp 5,,2025.1.1,60.12368645,2025-10-16 22h42.29.837978 +0530
,9,_ou_se,mouse,old,mousse,[np.float64(0.00390625)],[np.float64(-0.3125)],[1],[0],[0],[5.042270799996913],['submit_text'],,,,,0,9,9,3,58.0472999,,,,,,,,58.0343275,58.0472999,58.0472999,58.0472999,0.0026416,63.0768828,mousse,[np.float64(0.00390625)],[np.float64(-0.3125)],[1],[0],[0],[5.042270799996913],['submit_text'],,Par01,1,2025-10-16_22h41.54.477,exp 5,,2025.1.1,60.12368645,2025-10-16 22h42.29.837978 +0530
,10,_a_bl_,Marble,old,marble,[np.float64(0.00390625)],[np.float64(-0.3125)],[1],[0],[0],[8.555568900002982],['submit_text'],,,,,0,10,10,11,63.0923808,,,,,,,,63.0794768,63.0923808,63.0923808,63.0923808,0.0024884,71.6353973,marble,[np.float64(0.00390625)],[np.float64(-0.3125)],[1],[0],[0],[8.555568900002982],['submit_text'],,Par01,1,2025-10-16_22h41.54.477,exp 5,,2025.1.1,60.12368645,2025-10-16 22h42.29.837978 +0530
,11,c_s_,Case,old,case,[np.float64(0.00390625)],[np.float64(-0.3125)],[1],[0],[0],[3.209647600000608],['submit_text'],,,,,0,11,11,5,71.6506826,,,,,,,,71.6385763,71.6506826,71.6506826,71.6506826,0.0030441,74.8485302,case,[np.float64(0.00390625)],[np.float64(-0.3125)],[1],[0],[0],[3.209647600000608],['submit_text'],,Par01,1,2025-10-16_22h41.54.477,exp 5,,2025.1.1,60.12368645,2025-10-16 22h42.29.837978 +0530
,12,v_s_,Vase,new,vase,[np.float64(0.00390625)],[np.float64(-0.3125)],[1],[0],[0],[2.7258676000055857],['submit_text'],,,,,0,12,12,17,74.8641636,,,,,,,,74.853186,74.8641636,74.8641636,74.8641636,0.0045708,77.5793542,vase,[np.float64(0.00390625)],[np.float64(-0.3125)],[1],[0],[0],[2.7258676000055857],['submit_text'],,Par01,1,2025-10-16_22h41.54.477,exp 5,,2025.1.1,60.12368645,2025-10-16 22h42.29.837978 +0530
,13,c_m_ra,Camera,new,camera,[np.float64(0.00390625)],[np.float64(-0.3125)],[1],[0],[0],[3.8769345999971847],['submit_text'],,,,,0,13,13,19,77.5948389,,,,,,,,77.5819478,77.5948389,77.5948389,77.5948389,0.002464,81.4591322,camera,[np.float64(0.00390625)],[np.float64(-0.3125)],[1],[0],[0],[3.8769345999971847],['submit_text'],,Par01,1,2025-10-16_22h41.54.477,exp 5,,2025.1.1,60.12368645,2025-10-16 22h42.29.837978 +0530
,14,P_li_e,Police,old,police,[np.float64(0.00390625)],[np.float64(-0.3125)],[1],[0],[0],[3.145584699996107],['submit_text'],,,,,0,14,14,7,81.4745581,,,,,,,,81.4611148,81.4745581,81.4745581,81.4745581,0.0018667,84.6070168,police,[np.float64(0.00390625)],[np.float64(-0.3125)],[1],[0],[0],[3.145584699996107],['submit_text'],,Par01,1,2025-10-16_22h41.54.477,exp 5,,2025.1.1,60.12368645,2025-10-16 22h42.29.837978 +0530
,15,_ho_e,Phone,old,chore,[np.float64(0.00390625)],[np.float64(-0.3125)],[1],[0],[0],[5.572874499994214],['submit_text'],,,,,0,15,15,12,84.6213286,,,,,,,,84.6102934,84.6213286,84.6213286,84.6213286,0.0031534,90.1835715,chore,[np.float64(0.00390625)],[np.float64(-0.3125)],[1],[0],[0],[5.572874499994214],['submit_text'],,Par01,1,2025-10-16_22h41.54.477,exp 5,,2025.1.1,60.12368645,2025-10-16 22h42.29.837978 +0530
,16,p_nc_l,Pencil,new,pencil,"[np.float64(-0.016927083333333332), np.float64(-0.016927083333333332), np.float64(-0.026041666666666668), np.float64(-0.010416666666666666), np.float64(-0.010416666666666666), np.float64(-0.010416666666666666)]","[np.float64(-0.26171875), np.float64(-0.26171875), np.float64(-0.3424479166666667), np.float64(-0.2708333333333333), np.float64(-0.2708333333333333), np.float64(-0.2838541666666667)]","[1, 1, 1, 1, 1, 1]","[0, 0, 0, 0, 0, 0]","[0, 0, 0, 0, 0, 0]","[4.225031299996772, 5.240422599999874, 6.47267329999886, 7.438873999999487, 7.704852199996822, 8.437495399994077]","[None, None, None, None, None, 'submit_text']",,,,,0,16,16,16,90.1991774,,,,,,,,90.1873741,90.1991774,90.1991774,90.1991774,0.0036328,98.6251738,pencil,"[np.float64(-0.016927083333333332), np.float64(-0.016927083333333332), np.float64(-0.026041666666666668), np.float64(-0.010416666666666666), np.float64(-0.010416666666666666), np.float64(-0.010416666666666666)]","[np.float64(-0.26171875), np.float64(-0.26171875), np.float64(-0.3424479166666667), np.float64(-0.2708333333333333), np.float64(-0.2708333333333333), np.float64(-0.2838541666666667)]","[1, 1, 1, 1, 1, 1]","[0, 0, 0, 0, 0, 0]","[0, 0, 0, 0, 0, 0]","[4.225031299996772, 5.240422599999874, 6.47267329999886, 7.438873999999487, 7.704852199996822, 8.437495399994077]","[None, None, None, None, None, 'submit_text']",,Par01,1,2025-10-16_22h41.54.477,exp 5,,2025.1.1,60.12368645,2025-10-16 22h42.29.837978 +0530
,17,P_st_r,Poster,old,poster,"[np.float64(-0.010416666666666666), np.float64(0.005208333333333333)]","[np.float64(-0.20442708333333334), np.float64(-0.31640625)]","[1, 1]","[0, 0]","[0, 0]","[4.6929080999980215, 5.775470000000496]","[None, 'submit_text']",,,,,0,17,17,9,98.6413419,,,,,,,,98.6274616,98.6413419,98.6413419,98.6413419,0.0021622,104.4032782,poster,"[np.float64(-0.010416666666666666), np.float64(0.005208333333333333)]","[np.float64(-0.20442708333333334), np.float64(-0.31640625)]","[1, 1]","[0, 0]","[0, 0]","[4.6929080999980215, 5.775470000000496]","[None, 'submit_text']",,Par01,1,2025-10-16_22h41.54.477,exp 5,,2025.1.1,60.12368645,2025-10-16 22h42.29.837978 +0530
,18,l_pt_p,Laptop,old ,laptop,[np.float64(0.005208333333333333)],[np.float64(-0.31640625)],[1],[0],[0],[3.0612219000031473],['submit_text'],,,,,0,18,18,0,104.4186701,,,,,,,,104.4055551,104.4186701,104.4186701,104.4186701,0.0021043,107.4671199,laptop,[np.float64(0.005208333333333333)],[np.float64(-0.31640625)],[1],[0],[0],[3.0612219000031473],['submit_text'],,Par01,1,2025-10-16_22h41.54.477,exp 5,,2025.1.1,60.12368645,2025-10-16 22h42.29.837978 +0530
,19,_ru_s_,Cruise,old,cruise,[np.float64(0.005208333333333333)],[np.float64(-0.31640625)],[1],[0],[0],[3.525197399998433],['submit_text'],,,,,0,19,19,6,107.482375,,,,,,,,107.4712012,107.482375,107.482375,107.482375,0.0039473,110.9968272,cruise,[np.float64(0.005208333333333333)],[np.float64(-0.31640625)],[1],[0],[0],[3.525197399998433],['submit_text'],,Par01,1,2025-10-16_22h41.54.477,exp 5,,2025.1.1,60.12368645,2025-10-16 22h42.29.837978 +0530
,,,,,,,,,,,,,,,,,,,,,,,,,,,,,,,,,,,,,,,,,,,,,,,,,,,
,,,Prop hits from study list ,,,11,0.785714286,,,,,,,,,,,,,,,,,,,,,,,,,,,,,,,,,,,,,,,,,,,,
,,,Prop hits for non primed words ,,,5,1,,,,,,,,,,,,,,,,,,,,,,,,,,,,,,,,,,,,,,,,,,,,
,,,,,,,,,,,,,,,,,,,,,,,,,,,,,,,,,,,,,,,,,,,,,,,,,,,
,,,Priming score ,,,,-0.214285714,,,,,,,,,,,,,,,,,,,,,,,,,,,,,,,,,,,,,,,,,,,,
