stair.thisTrialN,stair.stepSize,stair.intensity,thisRow.t,notes,trial.started,fixation.started,grating.started,key_resp.started,fixation.stopped,grating.stopped,trial.stopped,corrAns,tilt,key_resp.corr,stair.response,key_resp.rt,participant,session,date,expName,expVersion,psychopyVersion,frameRate,expStart
0,2,10,0.0378476,,0.0247301,0.0378476,0.5160339,0.5160339,0.5541277,0.8208302,1.5790003,left,-10,1,1,0.9304584,pilot 1  ,1,2025-09-04_20h14.01.323,exp2 adaptive staircase,,2025.1.1,59.44815467,2025-09-04 20h14.25.268991 +0530
1,2,8,1.5837288,,1.5792274,1.5837288,2.0860673,2.0860673,2.0860673,2.3855635,2.5071267,left,-8,1,1,0.4115647,pilot 1  ,1,2025-09-04_20h14.01.323,exp2 adaptive staircase,,2025.1.1,59.44815467,2025-09-04 20h14.25.268991 +0530
2,2,6,2.5192714,,2.5074041,2.5192714,3.0181694,3.0181694,3.0181694,3.3182497,3.4585448,right,6,1,1,0.4393537,pilot 1  ,1,2025-09-04_20h14.01.323,exp2 adaptive staircase,,2025.1.1,59.44815467,2025-09-04 20h14.25.268991 +0530
3,1,4,3.4684219,,3.4588125,3.4684219,3.9696927,3.9696927,3.9696927,4.2837996,4.3740401,right,4,0,0,0.403267,pilot 1  ,1,2025-09-04_20h14.01.323,exp2 adaptive staircase,,2025.1.1,59.44815467,2025-09-04 20h14.25.268991 +0530
4,1,5,4.3855819,,4.3745828,4.3855819,4.8836716,4.8836716,4.8836716,5.1832935,5.358091,left,-5,1,1,0.4649394,pilot 1  ,1,2025-09-04_20h14.01.323,exp2 adaptive staircase,,2025.1.1,59.44815467,2025-09-04 20h14.25.268991 +0530
5,1,5,5.3676287,,5.3584018,5.3676287,5.8661097,5.8661097,5.88379,6.1663538,6.2886267,right,5,1,1,0.4162223,pilot 1  ,1,2025-09-04_20h14.01.323,exp2 adaptive staircase,,2025.1.1,59.44815467,2025-09-04 20h14.25.268991 +0530
6,1,5,6.2996435,,6.2888487,6.2996435,6.7985009,6.7985009,6.8148804,7.0980719,7.3709524,right,5,1,1,0.5670196,pilot 1  ,1,2025-09-04_20h14.01.323,exp2 adaptive staircase,,2025.1.1,59.44815467,2025-09-04 20h14.25.268991 +0530
7,1,4,7.3807912,,7.3712803,7.3807912,7.8805619,7.8805619,7.8805619,8.1801029,8.2864317,left,-4,1,1,0.3984419,pilot 1  ,1,2025-09-04_20h14.01.323,exp2 adaptive staircase,,2025.1.1,59.44815467,2025-09-04 20h14.25.268991 +0530
8,1,4,8.2967348,,8.2867247,8.2967348,8.7959981,8.7959981,8.8132433,9.0969835,9.4349882,left,-4,1,1,0.6262693,pilot 1  ,1,2025-09-04_20h14.01.323,exp2 adaptive staircase,,2025.1.1,59.44815467,2025-09-04 20h14.25.268991 +0530
9,1,4,9.445543,,9.4352362,9.445543,9.9452311,9.9452311,9.9452311,10.2452044,10.4500773,left,-4,1,1,0.4914137,pilot 1  ,1,2025-09-04_20h14.01.323,exp2 adaptive staircase,,2025.1.1,59.44815467,2025-09-04 20h14.25.268991 +0530
10,1,3,10.4615862,,10.4503443,10.4615862,10.9611305,10.9611305,10.9611305,11.2607579,11.282528,right,3,1,1,0.3057202,pilot 1  ,1,2025-09-04_20h14.01.323,exp2 adaptive staircase,,2025.1.1,59.44815467,2025-09-04 20h14.25.268991 +0530
11,1,3,11.293704,,11.2828268,11.293704,11.7930621,11.7930621,11.7930621,12.0930055,12.2322378,left,-3,1,1,0.4253633,pilot 1  ,1,2025-09-04_20h14.01.323,exp2 adaptive staircase,,2025.1.1,59.44815467,2025-09-04 20h14.25.268991 +0530
12,1,3,12.24287,,12.2325412,12.24287,12.7421013,12.7421013,12.7421013,13.042042,13.1656239,right,3,1,1,0.4206879,pilot 1  ,1,2025-09-04_20h14.01.323,exp2 adaptive staircase,,2025.1.1,59.44815467,2025-09-04 20h14.25.268991 +0530
13,1,2,13.1751755,,13.165941,13.1751755,13.6746046,13.6746046,13.6746046,13.9747366,13.9813152,left,-2,1,1,0.3039289,pilot 1  ,1,2025-09-04_20h14.01.323,exp2 adaptive staircase,,2025.1.1,59.44815467,2025-09-04 20h14.25.268991 +0530
14,0.5,2,13.9912196,,13.9816036,13.9912196,14.4909703,14.4909703,14.4909703,14.7903944,14.7974697,left,-2,0,0,0.3026807,pilot 1  ,1,2025-09-04_20h14.01.323,exp2 adaptive staircase,,2025.1.1,59.44815467,2025-09-04 20h14.25.268991 +0530
15,0.5,2.5,14.8070891,,14.7977837,14.8070891,15.3066733,15.3066733,15.3066733,15.605656,15.6963017,right,2.5,1,1,0.3874929,pilot 1  ,1,2025-09-04_20h14.01.323,exp2 adaptive staircase,,2025.1.1,59.44815467,2025-09-04 20h14.25.268991 +0530
16,0.5,2.5,15.7059235,,15.6965907,15.7059235,16.2056778,16.2056778,16.2056778,16.504855,16.6449579,right,2.5,1,1,0.4339969,pilot 1  ,1,2025-09-04_20h14.01.323,exp2 adaptive staircase,,2025.1.1,59.44815467,2025-09-04 20h14.25.268991 +0530
17,0.5,2.5,16.6550727,,16.6452282,16.6550727,17.1549415,17.1549415,17.1549415,17.4540918,17.5256396,left,-2.5,0,0,0.3611541,pilot 1  ,1,2025-09-04_20h14.01.323,exp2 adaptive staircase,,2025.1.1,59.44815467,2025-09-04 20h14.25.268991 +0530
18,0.5,3,17.5375692,,17.5259339,17.5375692,18.0367404,18.0367404,18.0367404,18.3361753,18.3752644,left,-3,0,0,0.3289467,pilot 1  ,1,2025-09-04_20h14.01.323,exp2 adaptive staircase,,2025.1.1,59.44815467,2025-09-04 20h14.25.268991 +0530
19,0.5,3.5,18.3864805,,18.3755418,18.3864805,18.8863459,18.8863459,18.8863459,19.1858997,19.4912016,left,-3.5,1,1,0.5955531,pilot 1  ,1,2025-09-04_20h14.01.323,exp2 adaptive staircase,,2025.1.1,59.44815467,2025-09-04 20h14.25.268991 +0530
20,0.5,3.5,19.5016587,,19.4914693,19.5016587,20.0019966,20.0019966,20.0019966,20.30069,20.3404792,right,3.5,1,1,0.32934,pilot 1  ,1,2025-09-04_20h14.01.323,exp2 adaptive staircase,,2025.1.1,59.44815467,2025-09-04 20h14.25.268991 +0530
21,0.5,3.5,20.3532895,,20.3407681,20.3532895,20.8506922,20.8506922,20.8675049,21.1509501,21.1908502,right,3.5,0,0,0.3372357,pilot 1  ,1,2025-09-04_20h14.01.323,exp2 adaptive staircase,,2025.1.1,59.44815467,2025-09-04 20h14.25.268991 +0530
22,0.5,4,21.2007094,,21.1911385,21.2007094,21.7004821,21.7004821,21.7004821,21.9999443,22.2057254,right,4,1,1,0.4981703,pilot 1  ,1,2025-09-04_20h14.01.323,exp2 adaptive staircase,,2025.1.1,59.44815467,2025-09-04 20h14.25.268991 +0530
23,0.5,4,22.2167337,,22.2060205,22.2167337,22.7159913,22.7159913,22.7159913,23.0156656,23.087744,left,-4,1,1,0.36228,pilot 1  ,1,2025-09-04_20h14.01.323,exp2 adaptive staircase,,2025.1.1,59.44815467,2025-09-04 20h14.25.268991 +0530
24,0.5,4,23.0983506,,23.0880169,23.0983506,23.5979433,23.5979433,23.5979433,,23.871085,right,4,1,1,0.2659933,pilot 1  ,1,2025-09-04_20h14.01.323,exp2 adaptive staircase,,2025.1.1,59.44815467,2025-09-04 20h14.25.268991 +0530
25,0.5,3.5,23.8813811,,23.8713587,23.8813811,24.3809045,24.3809045,24.3809045,24.6810327,24.9697707,left,-3.5,1,1,0.584296,pilot 1  ,1,2025-09-04_20h14.01.323,exp2 adaptive staircase,,2025.1.1,59.44815467,2025-09-04 20h14.25.268991 +0530
26,0.5,3.5,24.9806879,,24.9700554,24.9806879,25.4798415,25.4798415,25.4798415,25.7800448,25.7862218,right,3.5,1,1,0.2922088,pilot 1  ,1,2025-09-04_20h14.01.323,exp2 adaptive staircase,,2025.1.1,59.44815467,2025-09-04 20h14.25.268991 +0530
27,0.5,3.5,25.7965718,,25.7865036,25.7965718,26.2960245,26.2960245,26.2960245,26.5955884,26.7179759,left,-3.5,1,1,0.414358,pilot 1  ,1,2025-09-04_20h14.01.323,exp2 adaptive staircase,,2025.1.1,59.44815467,2025-09-04 20h14.25.268991 +0530
28,0.5,3,26.7284385,,26.7182325,26.7284385,27.2282029,27.2282029,27.2282029,27.5271518,27.8168421,left,-3,1,1,0.5826981,pilot 1  ,1,2025-09-04_20h14.01.323,exp2 adaptive staircase,,2025.1.1,59.44815467,2025-09-04 20h14.25.268991 +0530
29,0.5,3,27.8286574,,27.8171269,27.8286574,28.3265312,28.3265312,28.3434916,28.6267765,28.782801,left,-3,1,1,0.4496254,pilot 1  ,1,2025-09-04_20h14.01.323,exp2 adaptive staircase,,2025.1.1,59.44815467,2025-09-04 20h14.25.268991 +0530
30,0.5,3,28.7931924,,28.7830691,28.7931924,29.2933638,29.2933638,29.2933638,29.5937093,29.599452,left,-3,1,1,0.2990101,pilot 1  ,1,2025-09-04_20h14.01.323,exp2 adaptive staircase,,2025.1.1,59.44815467,2025-09-04 20h14.25.268991 +0530
31,0.5,2.5,29.6095202,,29.5997485,29.6095202,30.1090188,30.1090188,30.1262241,30.4082866,30.3978211,left,-2.5,1,1,0.273621,pilot 1  ,1,2025-09-04_20h14.01.323,exp2 adaptive staircase,,2025.1.1,59.44815467,2025-09-04 20h14.25.268991 +0530
32,0.5,2.5,30.4082866,,30.398102,30.4082866,30.9079152,30.9079152,30.9079152,,31.1811042,right,2.5,0,0,0.2693962,pilot 1  ,1,2025-09-04_20h14.01.323,exp2 adaptive staircase,,2025.1.1,59.44815467,2025-09-04 20h14.25.268991 +0530
33,0.5,3,31.190131,,31.1813987,31.190131,31.6899846,31.6899846,31.6899846,31.9901759,32.3797775,right,3,1,1,0.6733618,pilot 1  ,1,2025-09-04_20h14.01.323,exp2 adaptive staircase,,2025.1.1,59.44815467,2025-09-04 20h14.25.268991 +0530
34,0.5,3,32.3894378,,32.3800367,32.3894378,32.8893656,32.8893656,32.8893656,33.1887892,33.4101866,right,3,1,1,0.5097987,pilot 1  ,1,2025-09-04_20h14.01.323,exp2 adaptive staircase,,2025.1.1,59.44815467,2025-09-04 20h14.25.268991 +0530
35,0.5,3,33.4216997,,33.4104284,33.4216997,33.9215019,33.9215019,33.9215019,34.2211881,34.3930723,left,-3,1,1,0.4627325,pilot 1  ,1,2025-09-04_20h14.01.323,exp2 adaptive staircase,,2025.1.1,59.44815467,2025-09-04 20h14.25.268991 +0530
36,0.5,2.5,34.4041311,,34.3933463,34.4041311,34.9040232,34.9040232,34.9040232,35.2037235,35.3258068,right,2.5,1,1,0.4121533,pilot 1  ,1,2025-09-04_20h14.01.323,exp2 adaptive staircase,,2025.1.1,59.44815467,2025-09-04 20h14.25.268991 +0530
37,0.5,2.5,35.3367461,,35.3261153,35.3367461,35.8351199,35.8351199,35.8513698,36.1360252,36.2595691,right,2.5,1,1,0.4201643,pilot 1  ,1,2025-09-04_20h14.01.323,exp2 adaptive staircase,,2025.1.1,59.44815467,2025-09-04 20h14.25.268991 +0530
38,0.5,2.5,36.2690217,,36.25989,36.2690217,36.7686959,36.7686959,36.7686959,37.0680746,37.2075442,right,2.5,1,1,0.4291068,pilot 1  ,1,2025-09-04_20h14.01.323,exp2 adaptive staircase,,2025.1.1,59.44815467,2025-09-04 20h14.25.268991 +0530
39,0.5,2,37.2175734,,37.2078342,37.2175734,37.718077,37.718077,37.718077,38.0169293,38.0726731,right,2,0,0,0.3380665,pilot 1  ,1,2025-09-04_20h14.01.323,exp2 adaptive staircase,,2025.1.1,59.44815467,2025-09-04 20h14.25.268991 +0530
40,0.5,2.5,38.0837074,,38.0729113,38.0837074,38.5832738,38.5832738,38.5832738,38.8835293,38.9073248,right,2.5,0,0,0.318454,pilot 1  ,1,2025-09-04_20h14.01.323,exp2 adaptive staircase,,2025.1.1,59.44815467,2025-09-04 20h14.25.268991 +0530
41,0.5,3,38.9164376,,38.9076113,38.9164376,39.4159781,39.4159781,39.4159781,39.7159396,39.8887079,right,3,1,1,0.466783,pilot 1  ,1,2025-09-04_20h14.01.323,exp2 adaptive staircase,,2025.1.1,59.44815467,2025-09-04 20h14.25.268991 +0530
42,0.5,3,39.8987137,,39.8889779,39.8987137,40.3988134,40.3988134,40.3988134,40.6981373,40.7206378,left,-3,0,0,0.3092802,pilot 1  ,1,2025-09-04_20h14.01.323,exp2 adaptive staircase,,2025.1.1,59.44815467,2025-09-04 20h14.25.268991 +0530
43,0.5,3.5,40.7317254,,40.7209376,40.7317254,41.2312008,41.2312008,41.2312008,41.5309428,41.7370662,left,-3.5,1,1,0.5019369,pilot 1  ,1,2025-09-04_20h14.01.323,exp2 adaptive staircase,,2025.1.1,59.44815467,2025-09-04 20h14.25.268991 +0530
44,0.5,3.5,41.7472395,,41.7373607,41.7472395,42.2469757,42.2469757,42.2469757,42.5465912,42.6520051,left,-3.5,1,1,0.3962732,pilot 1  ,1,2025-09-04_20h14.01.323,exp2 adaptive staircase,,2025.1.1,59.44815467,2025-09-04 20h14.25.268991 +0530
45,0.5,3.5,42.6627439,,42.6522984,42.6627439,43.1627467,43.1627467,43.1627467,43.4622574,43.5182755,left,-3.5,1,1,0.3463496,pilot 1  ,1,2025-09-04_20h14.01.323,exp2 adaptive staircase,,2025.1.1,59.44815467,2025-09-04 20h14.25.268991 +0530
46,0.5,3,43.5290487,,43.5185716,43.5290487,44.0285108,44.0285108,44.0285108,44.3280671,44.3832034,left,-3,1,1,0.3460299,pilot 1  ,1,2025-09-04_20h14.01.323,exp2 adaptive staircase,,2025.1.1,59.44815467,2025-09-04 20h14.25.268991 +0530
47,0.5,3,44.3945398,,44.3834853,44.3945398,44.8942253,44.8942253,44.8942253,,45.1658928,left,-3,1,1,0.2658954,pilot 1  ,1,2025-09-04_20h14.01.323,exp2 adaptive staircase,,2025.1.1,59.44815467,2025-09-04 20h14.25.268991 +0530
48,0.5,3,45.1756715,,45.1661751,45.1756715,45.6759071,45.6759071,45.6759071,45.9768294,46.2152975,right,3,1,1,0.5270273,pilot 1  ,1,2025-09-04_20h14.01.323,exp2 adaptive staircase,,2025.1.1,59.44815467,2025-09-04 20h14.25.268991 +0530
49,0.5,2.5,46.2261424,,46.2155965,46.2261424,46.7261791,46.7261791,46.7261791,47.0254515,47.0642655,left,-2.5,0,0,0.3273389,pilot 1  ,1,2025-09-04_20h14.01.323,exp2 adaptive staircase,,2025.1.1,59.44815467,2025-09-04 20h14.25.268991 +0530
50,0.5,3,47.0749604,,47.0646386,47.0749604,47.5751991,47.5751991,47.5751991,47.8744478,47.929492,right,3,1,1,0.3432743,pilot 1  ,1,2025-09-04_20h14.01.323,exp2 adaptive staircase,,2025.1.1,59.44815467,2025-09-04 20h14.25.268991 +0530
51,0.5,3,47.941516,,47.9297623,47.941516,48.4403833,48.4403833,48.4571005,48.7399563,48.9635901,left,-3,1,1,0.5216641,pilot 1  ,1,2025-09-04_20h14.01.323,exp2 adaptive staircase,,2025.1.1,59.44815467,2025-09-04 20h14.25.268991 +0530
52,0.5,3,48.9735077,,48.9638964,48.9735077,49.4730022,49.4730022,49.4730022,49.7725226,50.0284944,left,-3,1,1,0.5546512,pilot 1  ,1,2025-09-04_20h14.01.323,exp2 adaptive staircase,,2025.1.1,59.44815467,2025-09-04 20h14.25.268991 +0530
53,0.5,2.5,50.0384731,,50.0288094,50.0384731,50.5387581,50.5387581,50.5387581,50.8376659,50.9939971,right,2.5,1,1,0.4393372,pilot 1  ,1,2025-09-04_20h14.01.323,exp2 adaptive staircase,,2025.1.1,59.44815467,2025-09-04 20h14.25.268991 +0530
54,0.5,2.5,51.0047344,,50.9942877,51.0047344,51.504111,51.504111,51.504111,51.8038246,51.9933728,right,2.5,1,1,0.4695285,pilot 1  ,1,2025-09-04_20h14.01.323,exp2 adaptive staircase,,2025.1.1,59.44815467,2025-09-04 20h14.25.268991 +0530
55,0.5,2.5,52.0021271,,51.9938292,52.0021271,52.5044619,52.5044619,52.5044619,52.8193852,52.8271107,left,-2.5,0,0,0.3110696,pilot 1  ,1,2025-09-04_20h14.01.323,exp2 adaptive staircase,,2025.1.1,59.44815467,2025-09-04 20h14.25.268991 +0530
56,0.5,3,52.8364513,,52.8274234,52.8364513,53.3353485,53.3353485,53.3353485,53.6356501,53.6912895,left,-3,0,0,0.3551552,pilot 1  ,1,2025-09-04_20h14.01.323,exp2 adaptive staircase,,2025.1.1,59.44815467,2025-09-04 20h14.25.268991 +0530
57,0.5,3.5,53.7014333,,53.6915507,53.7014333,54.2014749,54.2014749,54.2014749,54.5014297,54.558426,right,3.5,1,1,0.3536083,pilot 1  ,1,2025-09-04_20h14.01.323,exp2 adaptive staircase,,2025.1.1,59.44815467,2025-09-04 20h14.25.268991 +0530
58,0.5,3.5,54.5676426,,54.5587305,54.5676426,55.0675633,55.0675633,55.0675633,,55.3241485,left,-3.5,0,0,0.2530729,pilot 1  ,1,2025-09-04_20h14.01.323,exp2 adaptive staircase,,2025.1.1,59.44815467,2025-09-04 20h14.25.268991 +0530
59,0.5,4,55.3339542,,55.32446,55.3339542,55.8336518,55.8336518,55.8336518,56.1330045,56.1899439,left,-4,0,0,0.3525336,pilot 1  ,1,2025-09-04_20h14.01.323,exp2 adaptive staircase,,2025.1.1,59.44815467,2025-09-04 20h14.25.268991 +0530
60,0.5,4.5,56.1995556,,56.1902321,56.1995556,56.6993485,56.6993485,56.6993485,56.9987313,57.1381062,left,-4.5,1,1,0.4285901,pilot 1  ,1,2025-09-04_20h14.01.323,exp2 adaptive staircase,,2025.1.1,59.44815467,2025-09-04 20h14.25.268991 +0530
61,0.5,4.5,57.1485787,,57.138372,57.1485787,57.6483295,57.6483295,57.6483295,57.9477728,58.2036898,right,4.5,1,1,0.5545856,pilot 1  ,1,2025-09-04_20h14.01.323,exp2 adaptive staircase,,2025.1.1,59.44815467,2025-09-04 20h14.25.268991 +0530
62,0.5,4.5,58.2146105,,58.2039853,58.2146105,58.7141169,58.7141169,58.7141169,59.0137391,59.1353419,right,4.5,1,1,0.4136628,pilot 1  ,1,2025-09-04_20h14.01.323,exp2 adaptive staircase,,2025.1.1,59.44815467,2025-09-04 20h14.25.268991 +0530
63,0.5,4,59.1459951,,59.1355574,59.1459951,59.6463984,59.6463984,59.6463984,59.9455301,60.0685121,right,4,1,1,0.4120144,pilot 1  ,1,2025-09-04_20h14.01.323,exp2 adaptive staircase,,2025.1.1,59.44815467,2025-09-04 20h14.25.268991 +0530
64,0.5,4,60.0795355,,60.0688056,60.0795355,60.5789924,60.5789924,60.5789924,60.8785064,61.0347487,left,-4,1,1,0.4548096,pilot 1  ,1,2025-09-04_20h14.01.323,exp2 adaptive staircase,,2025.1.1,59.44815467,2025-09-04 20h14.25.268991 +0530
65,0.5,4,61.044682,,61.0350491,61.044682,61.5447938,61.5447938,61.5447938,61.8437282,61.8343699,right,4,0,0,0.2843588,pilot 1  ,1,2025-09-04_20h14.01.323,exp2 adaptive staircase,,2025.1.1,59.44815467,2025-09-04 20h14.25.268991 +0530
66,0.5,4.5,61.8437282,,61.8345736,61.8437282,62.3438789,62.3438789,62.3438789,62.6435668,62.7830653,left,-4.5,1,1,0.4358526,pilot 1  ,1,2025-09-04_20h14.01.323,exp2 adaptive staircase,,2025.1.1,59.44815467,2025-09-04 20h14.25.268991 +0530
67,0.5,4.5,62.7932283,,62.7833439,62.7932283,63.2925658,63.2925658,63.2925658,63.5924041,63.7144781,left,-4.5,1,1,0.4126184,pilot 1  ,1,2025-09-04_20h14.01.323,exp2 adaptive staircase,,2025.1.1,59.44815467,2025-09-04 20h14.25.268991 +0530
68,0.5,4.5,63.7257506,,63.7147802,63.7257506,64.2253477,64.2253477,64.2253477,64.524977,64.7637275,right,4.5,1,1,0.5354763,pilot 1  ,1,2025-09-04_20h14.01.323,exp2 adaptive staircase,,2025.1.1,59.44815467,2025-09-04 20h14.25.268991 +0530
69,0.5,4,64.7747893,,64.7639991,64.7747893,65.2742161,65.2742161,65.2742161,65.5738383,65.7285463,right,4,1,1,0.4433503,pilot 1  ,1,2025-09-04_20h14.01.323,exp2 adaptive staircase,,2025.1.1,59.44815467,2025-09-04 20h14.25.268991 +0530
70,0.5,4,65.7405044,,65.7288181,65.7405044,66.2395809,66.2395809,66.2395809,66.5397756,66.7781193,right,4,1,1,0.5290438,pilot 1  ,1,2025-09-04_20h14.01.323,exp2 adaptive staircase,,2025.1.1,59.44815467,2025-09-04 20h14.25.268991 +0530
71,0.5,4,66.789722,,66.7783671,66.789722,67.2886901,67.2886901,67.2886901,67.5885026,67.8766143,left,-4,1,1,0.5800887,pilot 1  ,1,2025-09-04_20h14.01.323,exp2 adaptive staircase,,2025.1.1,59.44815467,2025-09-04 20h14.25.268991 +0530
72,0.5,3.5,67.8882425,,67.8769265,67.8882425,68.3879546,68.3879546,68.3879546,68.6874321,69.2106025,left,-3.5,1,1,0.8155688,pilot 1  ,1,2025-09-04_20h14.01.323,exp2 adaptive staircase,,2025.1.1,59.44815467,2025-09-04 20h14.25.268991 +0530
73,0.5,3.5,69.2209754,,69.2108941,69.2209754,69.7199393,69.7199393,69.7199393,70.0191427,70.3415447,right,3.5,1,1,0.6092888,pilot 1  ,1,2025-09-04_20h14.01.323,exp2 adaptive staircase,,2025.1.1,59.44815467,2025-09-04 20h14.25.268991 +0530
74,0.5,3.5,70.3526532,,70.3418311,70.3526532,70.8525406,70.8525406,70.8525406,71.1515585,71.2741199,left,-3.5,1,1,0.4068565,pilot 1  ,1,2025-09-04_20h14.01.323,exp2 adaptive staircase,,2025.1.1,59.44815467,2025-09-04 20h14.25.268991 +0530
75,0.5,3,71.2851178,,71.2743678,71.2851178,71.7843907,71.7843907,71.7843907,72.0842657,72.289674,right,3,1,1,0.493203,pilot 1  ,1,2025-09-04_20h14.01.323,exp2 adaptive staircase,,2025.1.1,59.44815467,2025-09-04 20h14.25.268991 +0530
76,0.5,3,72.3003774,,72.289911,72.3003774,72.8001777,72.8001777,72.8001777,73.0996117,73.3557269,right,3,1,1,0.5407952,pilot 1  ,1,2025-09-04_20h14.01.323,exp2 adaptive staircase,,2025.1.1,59.44815467,2025-09-04 20h14.25.268991 +0530
77,0.5,3,73.3661928,,73.3559746,73.3661928,73.8660153,73.8660153,73.8660153,74.1663735,74.3722445,left,-3,1,1,0.5051808,pilot 1  ,1,2025-09-04_20h14.01.323,exp2 adaptive staircase,,2025.1.1,59.44815467,2025-09-04 20h14.25.268991 +0530
78,0.5,2.5,74.3816927,,74.3725782,74.3816927,74.881238,74.881238,74.881238,75.1808455,75.3375831,right,2.5,1,1,0.4455475,pilot 1  ,1,2025-09-04_20h14.01.323,exp2 adaptive staircase,,2025.1.1,59.44815467,2025-09-04 20h14.25.268991 +0530
79,0.5,2.5,75.3472385,,75.3378357,75.3472385,75.8472235,75.8472235,75.8472235,76.1470726,76.4540883,right,2.5,1,1,0.6013434,pilot 1  ,1,2025-09-04_20h14.01.323,exp2 adaptive staircase,,2025.1.1,59.44815467,2025-09-04 20h14.25.268991 +0530
80,0.5,2.5,76.4644249,,76.4544098,76.4644249,76.9626593,76.9626593,76.9790575,77.2624945,77.5177375,right,2.5,1,1,0.5456066,pilot 1  ,1,2025-09-04_20h14.01.323,exp2 adaptive staircase,,2025.1.1,59.44815467,2025-09-04 20h14.25.268991 +0530
81,0.5,2,77.5285565,,77.518001,77.5285565,78.0285788,78.0285788,78.0285788,78.3445848,78.5509907,left,-2,1,1,0.5199795,pilot 1  ,1,2025-09-04_20h14.01.323,exp2 adaptive staircase,,2025.1.1,59.44815467,2025-09-04 20h14.25.268991 +0530
82,0.5,2,78.5615089,,78.5512739,78.5615089,79.0605541,79.0605541,79.0605541,79.3603922,79.484329,left,-2,1,1,0.4195463,pilot 1  ,1,2025-09-04_20h14.01.323,exp2 adaptive staircase,,2025.1.1,59.44815467,2025-09-04 20h14.25.268991 +0530
83,0.5,2,79.4935738,,79.4846233,79.4935738,79.9931986,79.9931986,79.9931986,80.2928522,80.5311911,right,2,1,1,0.5222596,pilot 1  ,1,2025-09-04_20h14.01.323,exp2 adaptive staircase,,2025.1.1,59.44815467,2025-09-04 20h14.25.268991 +0530
84,0.5,1.5,80.5433195,,80.5314786,80.5433195,81.0416783,81.0416783,81.0416783,81.3420157,81.4645573,right,1.5,1,1,0.4133952,pilot 1  ,1,2025-09-04_20h14.01.323,exp2 adaptive staircase,,2025.1.1,59.44815467,2025-09-04 20h14.25.268991 +0530
85,0.5,1.5,81.4750153,,81.4648369,81.4750153,81.9745953,81.9745953,81.9745953,82.2736322,82.4460576,left,-1.5,1,1,0.4565654,pilot 1  ,1,2025-09-04_20h14.01.323,exp2 adaptive staircase,,2025.1.1,59.44815467,2025-09-04 20h14.25.268991 +0530
86,0.5,1.5,82.4571343,,82.4463575,82.4571343,82.9568212,82.9568212,82.9568212,83.2565583,83.5121874,left,-1.5,1,1,0.540878,pilot 1  ,1,2025-09-04_20h14.01.323,exp2 adaptive staircase,,2025.1.1,59.44815467,2025-09-04 20h14.25.268991 +0530
87,0.5,1,83.5229037,,83.5124806,83.5229037,84.0223805,84.0223805,84.0223805,84.3220997,84.610959,right,1,1,1,0.5856724,pilot 1  ,1,2025-09-04_20h14.01.323,exp2 adaptive staircase,,2025.1.1,59.44815467,2025-09-04 20h14.25.268991 +0530
88,0.5,1,84.6216946,,84.6112454,84.6216946,85.1213143,85.1213143,85.1381763,85.4206526,85.7267399,left,-1,1,1,0.5961794,pilot 1  ,1,2025-09-04_20h14.01.323,exp2 adaptive staircase,,2025.1.1,59.44815467,2025-09-04 20h14.25.268991 +0530
89,0.5,1,85.7376269,,85.7270186,85.7376269,86.2365148,86.2365148,86.2535896,86.5363282,88.4745954,right,1,1,1,2.2285781,pilot 1  ,1,2025-09-04_20h14.01.323,exp2 adaptive staircase,,2025.1.1,59.44815467,2025-09-04 20h14.25.268991 +0530
90,0.5,1,88.4846626,,88.4748877,88.4846626,88.9848528,88.9848528,88.9848528,89.2842584,89.6742346,right,1,1,1,0.6802617,pilot 1  ,1,2025-09-04_20h14.01.323,exp2 adaptive staircase,,2025.1.1,59.44815467,2025-09-04 20h14.25.268991 +0530
91,0.5,1,89.6834752,,89.6745181,89.6834752,90.1831723,90.1831723,90.1831723,90.4832302,90.5396545,left,-1,0,0,0.3521626,pilot 1  ,1,2025-09-04_20h14.01.323,exp2 adaptive staircase,,2025.1.1,59.44815467,2025-09-04 20h14.25.268991 +0530
92,0.5,1.5,90.5491638,,90.5399492,90.5491638,91.0491313,91.0491313,91.0491313,91.3483942,92.4199818,left,-1.5,1,1,1.3671467,pilot 1  ,1,2025-09-04_20h14.01.323,exp2 adaptive staircase,,2025.1.1,59.44815467,2025-09-04 20h14.25.268991 +0530
93,0.5,1.5,92.4309657,,92.4202836,92.4309657,92.9306323,92.9306323,92.9473395,,92.9547267,left,-1.5,1,1,0.0218237,pilot 1  ,1,2025-09-04_20h14.01.323,exp2 adaptive staircase,,2025.1.1,59.44815467,2025-09-04 20h14.25.268991 +0530
94,0.5,1.5,92.9638059,,92.9550091,92.9638059,93.4641247,93.4641247,93.4799419,,93.5536771,left,-1.5,1,1,0.0831861,pilot 1  ,1,2025-09-04_20h14.01.323,exp2 adaptive staircase,,2025.1.1,59.44815467,2025-09-04 20h14.25.268991 +0530
95,0.5,1,93.564075,,93.5540026,93.564075,94.062636,94.062636,94.062636,,94.3341608,right,1,0,0,0.2611123,pilot 1  ,1,2025-09-04_20h14.01.323,exp2 adaptive staircase,,2025.1.1,59.44815467,2025-09-04 20h14.25.268991 +0530
96,0.5,1.5,94.3453797,,94.3344086,94.3453797,94.8447089,94.8447089,94.8447089,95.1442736,95.6870671,right,1.5,1,1,0.8337674,pilot 1  ,1,2025-09-04_20h14.01.323,exp2 adaptive staircase,,2025.1.1,59.44815467,2025-09-04 20h14.25.268991 +0530
97,0.5,1.5,95.6955349,,95.6873601,95.6955349,96.1940767,96.1940767,96.2105873,96.4930405,96.5992521,left,-1.5,1,1,0.4045057,pilot 1  ,1,2025-09-04_20h14.01.323,exp2 adaptive staircase,,2025.1.1,59.44815467,2025-09-04 20h14.25.268991 +0530
98,0.5,1.5,96.6098526,,96.5995432,96.6098526,97.1102145,97.1102145,97.1102145,97.4255313,97.5160867,right,1.5,0,0,0.4034248,pilot 1  ,1,2025-09-04_20h14.01.323,exp2 adaptive staircase,,2025.1.1,59.44815467,2025-09-04 20h14.25.268991 +0530
99,0.5,2,97.5259296,,97.5163812,97.5259296,98.0253375,98.0253375,98.0253375,98.3250721,98.5311322,left,-2,1,1,0.4904579,pilot 1  ,1,2025-09-04_20h14.01.323,exp2 adaptive staircase,,2025.1.1,59.44815467,2025-09-04 20h14.25.268991 +0530
,,,,,,,,,,,,,,,,,,,,,,,,
,,,,,,,,,,,,first ,0.4,,,,,,,,,,,
,,,,,,,,,,,,accuracy ,0.82,,,,,,,,,,,
,,,,,,,,,,,,,,,,,,,,,,,,
,,,,,,,,,,,,abs thre,4.8,,,,,,,,,,,
