thisN,thisTrialN,thisRepN,key_resp.keys,key_resp.corr,key_resp.rt,key_resp.duration,tilt,trials.thisRepN,trials.thisTrialN,trials.thisN,trials.thisIndex,thisRow.t,notes,trial.started,fixation.started,fixation.stopped,key_resp.started,trial.stopped,trials.key_resp.keys,trials.key_resp.corr,trials.key_resp.rt,trials.key_resp.duration,trials.tilt,participant,session,date,expName,expVersion,psychopyVersion,frameRate,expStart,,,,,HIT,MISS,FA,CR,,,,,
0,0,0,up,0,0.9089466,None,2,0,0,0,0,0.0066124,,0.0025364,0.0066124,1.0255326,1.0255326,1.9585085,up,0,0.9089466,None,2,PILOT20.04,1,2025-09-11_19h12.12.839,exp3.1,,2025.1.1,60.04613945,2025-09-11 19h12.31.190614 +0530,,,,,,,1,,,,,,
1,0,1,up,1,0.6781324,None,0,1,0,1,0,1.9628258,,1.9589961,1.9628258,2.9785766,2.9612638,3.6458518,up,1,0.6781324,None,0,PILOT20.04,1,2025-09-11_19h12.12.839,exp3.1,,2025.1.1,60.04613945,2025-09-11 19h12.31.190614 +0530,,,,,1,,,,,,,,
2,0,2,down,1,0.430129,None,4,2,0,2,0,3.661154,,3.6465657,3.661154,4.6601626,4.6601626,5.0933662,down,1,0.430129,None,4,PILOT20.04,1,2025-09-11_19h12.12.839,exp3.1,,2025.1.1,60.04613945,2025-09-11 19h12.31.190614 +0530,,,,,,,1,,,,,,
3,0,3,down,1,0.5623656,None,3,3,0,3,0,5.1093543,,5.0941726,5.1093543,6.1088174,6.1088174,6.6760047,down,1,0.5623656,None,3,PILOT20.04,1,2025-09-11_19h12.12.839,exp3.1,,2025.1.1,60.04613945,2025-09-11 19h12.31.190614 +0530,,,,,,,,1,,,,,
4,0,4,up,1,0.3913633,None,0,4,0,4,0,6.6915701,,6.6766725,6.6915701,7.707872,7.6906595,8.0911338,up,1,0.3913633,None,0,PILOT20.04,1,2025-09-11_19h12.12.839,exp3.1,,2025.1.1,60.04613945,2025-09-11 19h12.31.190614 +0530,,,,,1,,,,,,,YES ,NO 
5,0,5,up,1,0.4853704,None,0,5,0,5,0,8.1069379,,8.0918354,8.1069379,9.1227334,9.105975,9.6061912,up,1,0.4853704,None,0,PILOT20.04,1,2025-09-11_19h12.12.839,exp3.1,,2025.1.1,60.04613945,2025-09-11 19h12.31.190614 +0530,,,,,1,,,,,,signal present ,38,8
6,0,6,up,1,0.3126427,None,0,6,0,6,0,9.6222204,,9.6068489,9.6222204,10.6375582,10.621046,10.9381532,up,1,0.3126427,None,0,PILOT20.04,1,2025-09-11_19h12.12.839,exp3.1,,2025.1.1,60.04613945,2025-09-11 19h12.31.190614 +0530,,,,,1,,,,,,signal absent ,23,31
7,0,7,down,1,0.371449,None,1,7,0,7,0,10.9540712,,10.9387636,10.9540712,11.9690941,11.9531533,12.3371827,down,1,0.371449,None,1,PILOT20.04,1,2025-09-11_19h12.12.839,exp3.1,,2025.1.1,60.04613945,2025-09-11 19h12.31.190614 +0530,,,,,,,,1,,,,,
8,0,8,up,1,0.4288135,None,0,8,0,8,0,12.3526827,,12.3376899,12.3526827,13.3517762,13.3517762,13.7858682,up,1,0.4288135,None,0,PILOT20.04,1,2025-09-11_19h12.12.839,exp3.1,,2025.1.1,60.04613945,2025-09-11 19h12.31.190614 +0530,,,,,1,,,,,,PROP HIT ,0.826086957,
9,0,9,down,1,0.9348047,None,-4,9,0,9,0,13.8009841,,13.7864132,13.8009841,14.80056,14.80056,15.7494496,down,1,0.9348047,None,-4,PILOT20.04,1,2025-09-11_19h12.12.839,exp3.1,,2025.1.1,60.04613945,2025-09-11 19h12.31.190614 +0530,,,,,,,,1,,,PROP FA ,0.425925926,
10,0,10,down,1,0.7629807,None,-3,10,0,10,0,15.7661633,,15.750077,15.7661633,16.7817027,16.7648654,17.5318592,down,1,0.7629807,None,-3,PILOT20.04,1,2025-09-11_19h12.12.839,exp3.1,,2025.1.1,60.04613945,2025-09-11 19h12.31.190614 +0530,,,,,,,,1,,,,,
11,0,11,down,0,0.5913371,None,0,11,0,11,0,17.5475605,,17.5326237,17.5475605,18.5466975,18.5466975,19.1472738,down,0,0.5913371,None,0,PILOT20.04,1,2025-09-11_19h12.12.839,exp3.1,,2025.1.1,60.04613945,2025-09-11 19h12.31.190614 +0530,,,,,,1,,,,,D PRIME ,1.125570438,
12,0,12,up,1,0.6779603,None,0,12,0,12,0,19.1626022,,19.1478077,19.1626022,20.1784456,20.1617443,20.8453708,up,1,0.6779603,None,0,PILOT20.04,1,2025-09-11_19h12.12.839,exp3.1,,2025.1.1,60.04613945,2025-09-11 19h12.31.190614 +0530,,,,,1,,,,,,C,-1.032192377,
13,0,13,down,1,0.4398825,None,3,13,0,13,0,20.8609443,,20.846242,20.8609443,21.8760961,21.8595075,22.310555,down,1,0.4398825,None,3,PILOT20.04,1,2025-09-11_19h12.12.839,exp3.1,,2025.1.1,60.04613945,2025-09-11 19h12.31.190614 +0530,,,,,,,,1,,,,,
14,0,14,up,1,0.9249632,None,0,14,0,14,0,22.3258461,,22.3112179,22.3258461,23.3417064,23.3252946,24.2579028,up,1,0.9249632,None,0,PILOT20.04,1,2025-09-11_19h12.12.839,exp3.1,,2025.1.1,60.04613945,2025-09-11 19h12.31.190614 +0530,,,,,1,,,,,,,,
15,0,15,up,0,0.6491158,None,-2,15,0,15,0,24.2737156,,24.2586383,24.2737156,25.2729837,25.2729837,25.9240346,up,0,0.6491158,None,-2,PILOT20.04,1,2025-09-11_19h12.12.839,exp3.1,,2025.1.1,60.04613945,2025-09-11 19h12.31.190614 +0530,,,,,,,1,,,,,,
16,0,16,up,1,0.6503802,None,0,16,0,16,0,25.9390696,,25.9247407,25.9390696,26.9547095,26.9381937,27.6053252,up,1,0.6503802,None,0,PILOT20.04,1,2025-09-11_19h12.12.839,exp3.1,,2025.1.1,60.04613945,2025-09-11 19h12.31.190614 +0530,,,,,1,,,,,,,,
17,0,17,up,1,0.6389196,None,0,17,0,17,0,27.6210394,,27.6059454,27.6210394,28.6367493,28.6195738,29.2705613,up,1,0.6389196,None,0,PILOT20.04,1,2025-09-11_19h12.12.839,exp3.1,,2025.1.1,60.04613945,2025-09-11 19h12.31.190614 +0530,,,,,1,,,,,,,,
18,0,18,down,1,0.6020485,None,3,18,0,18,0,29.2860801,,29.2710914,29.2860801,30.3018199,30.2851747,30.9021606,down,1,0.6020485,None,3,PILOT20.04,1,2025-09-11_19h12.12.839,exp3.1,,2025.1.1,60.04613945,2025-09-11 19h12.31.190614 +0530,,,,,,,,1,,,,,
19,0,19,down,1,0.5522852,None,-3,19,0,19,0,30.9177902,,30.9029129,30.9177902,31.9332096,31.917565,32.4841206,down,1,0.5522852,None,-3,PILOT20.04,1,2025-09-11_19h12.12.839,exp3.1,,2025.1.1,60.04613945,2025-09-11 19h12.31.190614 +0530,,,,,,,,1,,,,,
20,0,20,down,1,0.4669387,None,-5,20,0,20,0,32.4998291,,32.4850022,32.4998291,33.5152951,33.5000042,33.9824463,down,1,0.4669387,None,-5,PILOT20.04,1,2025-09-11_19h12.12.839,exp3.1,,2025.1.1,60.04613945,2025-09-11 19h12.31.190614 +0530,,,,,,,,1,,,,,
21,0,21,down,0,0.4501306,None,0,21,0,21,0,33.9981174,,33.9832666,33.9981174,35.0137376,34.9971346,35.4646397,down,0,0.4501306,None,0,PILOT20.04,1,2025-09-11_19h12.12.839,exp3.1,,2025.1.1,60.04613945,2025-09-11 19h12.31.190614 +0530,,,,,,1,,,,,,,
22,0,22,down,1,0.6311672,None,-5,22,0,22,0,35.4793493,,35.4652065,35.4793493,36.4788893,36.4788893,37.1121252,down,1,0.6311672,None,-5,PILOT20.04,1,2025-09-11_19h12.12.839,exp3.1,,2025.1.1,60.04613945,2025-09-11 19h12.31.190614 +0530,,,,,,,,1,,,,,
23,0,23,up,0,0.2644997,None,-3,23,0,23,0,37.1278055,,37.112935,37.1278055,38.1272059,38.1272059,38.3944516,up,0,0.2644997,None,-3,PILOT20.04,1,2025-09-11_19h12.12.839,exp3.1,,2025.1.1,60.04613945,2025-09-11 19h12.31.190614 +0530,,,,,,,1,,,,,,
24,0,24,up,1,0.682354,None,0,24,0,24,0,38.4099183,,38.395159,38.4099183,39.4091986,39.4091986,40.0934086,up,1,0.682354,None,0,PILOT20.04,1,2025-09-11_19h12.12.839,exp3.1,,2025.1.1,60.04613945,2025-09-11 19h12.31.190614 +0530,,,,,1,,,,,,,,
25,0,25,up,0,0.5301765,None,2,25,0,25,0,40.1083727,,40.0941868,40.1083727,41.1245919,41.1072449,41.6408342,up,0,0.5301765,None,2,PILOT20.04,1,2025-09-11_19h12.12.839,exp3.1,,2025.1.1,60.04613945,2025-09-11 19h12.31.190614 +0530,,,,,,,1,,,,,,
26,0,26,up,0,0.366108,None,1,26,0,26,0,41.6566621,,41.6416624,41.6566621,42.6559934,42.6559934,43.0231361,up,0,0.366108,None,1,PILOT20.04,1,2025-09-11_19h12.12.839,exp3.1,,2025.1.1,60.04613945,2025-09-11 19h12.31.190614 +0530,,,,,,,1,,,,,,
27,0,27,up,0,0.2893963,None,1,27,0,27,0,43.0395513,,43.0240806,43.0395513,44.0550866,44.0381877,44.3391094,up,0,0.2893963,None,1,PILOT20.04,1,2025-09-11_19h12.12.839,exp3.1,,2025.1.1,60.04613945,2025-09-11 19h12.31.190614 +0530,,,,,,,1,,,,,,
28,0,28,up,1,0.3458921,None,0,28,0,28,0,44.3546555,,44.3396358,44.3546555,45.3704328,45.3532738,45.7043414,up,1,0.3458921,None,0,PILOT20.04,1,2025-09-11_19h12.12.839,exp3.1,,2025.1.1,60.04613945,2025-09-11 19h12.31.190614 +0530,,,,,1,,,,,,,,
29,0,29,up,1,0.3009651,None,0,29,0,29,0,45.7199974,,45.7050471,45.7199974,46.71909,46.71909,47.0361322,up,1,0.3009651,None,0,PILOT20.04,1,2025-09-11_19h12.12.839,exp3.1,,2025.1.1,60.04613945,2025-09-11 19h12.31.190614 +0530,,,,,1,,,,,,,,
30,0,30,up,0,0.3503455,None,-2,30,0,30,0,47.052018,,47.0368789,47.052018,48.0511362,48.0511362,48.4185042,up,0,0.3503455,None,-2,PILOT20.04,1,2025-09-11_19h12.12.839,exp3.1,,2025.1.1,60.04613945,2025-09-11 19h12.31.190614 +0530,,,,,,,1,,,,,,
31,0,31,up,1,0.572806,None,0,31,0,31,0,48.4337503,,48.4191756,48.4337503,49.4330944,49.4330944,50.0167782,up,1,0.572806,None,0,PILOT20.04,1,2025-09-11_19h12.12.839,exp3.1,,2025.1.1,60.04613945,2025-09-11 19h12.31.190614 +0530,,,,,1,,,,,,,,
32,0,32,up,0,0.4661933,None,-3,32,0,32,0,50.0324128,,50.017746,50.0324128,51.047522,51.030894,51.4990111,up,0,0.4661933,None,-3,PILOT20.04,1,2025-09-11_19h12.12.839,exp3.1,,2025.1.1,60.04613945,2025-09-11 19h12.31.190614 +0530,,,,,,,1,,,,,,
33,0,33,down,1,0.3179402,None,1,33,0,33,0,51.5142914,,51.4998361,51.5142914,52.5298313,52.5130983,52.8473928,down,1,0.3179402,None,1,PILOT20.04,1,2025-09-11_19h12.12.839,exp3.1,,2025.1.1,60.04613945,2025-09-11 19h12.31.190614 +0530,,,,,,,,1,,,,,
34,0,34,up,1,0.4848255,None,0,34,0,34,0,52.8628607,,52.8480835,52.8628607,53.8619886,53.8619886,54.3625499,up,1,0.4848255,None,0,PILOT20.04,1,2025-09-11_19h12.12.839,exp3.1,,2025.1.1,60.04613945,2025-09-11 19h12.31.190614 +0530,,,,,1,,,,,,,,
35,0,35,down,1,0.5159809,None,-4,35,0,35,0,54.3780944,,54.3632035,54.3780944,55.3772789,55.3772789,55.8944971,down,1,0.5159809,None,-4,PILOT20.04,1,2025-09-11_19h12.12.839,exp3.1,,2025.1.1,60.04613945,2025-09-11 19h12.31.190614 +0530,,,,,,,,1,,,,,
36,0,36,down,1,1.2085317,None,4,36,0,36,0,55.9101304,,55.8954531,55.9101304,56.9252708,56.9084619,58.1255698,down,1,1.2085317,None,4,PILOT20.04,1,2025-09-11_19h12.12.839,exp3.1,,2025.1.1,60.04613945,2025-09-11 19h12.31.190614 +0530,,,,,,,,1,,,,,
37,0,37,up,1,0.6355231,None,0,37,0,37,0,58.1405831,,58.1264222,58.1405831,59.140245,59.140245,59.7899607,up,1,0.6355231,None,0,PILOT20.04,1,2025-09-11_19h12.12.839,exp3.1,,2025.1.1,60.04613945,2025-09-11 19h12.31.190614 +0530,,,,,1,,,,,,,,
38,0,38,up,0,0.6817425,None,-3,38,0,38,0,59.8061775,,59.790511,59.8061775,60.8053456,60.8053456,61.4886553,up,0,0.6817425,None,-3,PILOT20.04,1,2025-09-11_19h12.12.839,exp3.1,,2025.1.1,60.04613945,2025-09-11 19h12.31.190614 +0530,,,,,,,1,,,,,,
39,0,39,down,1,0.7110894,None,3,39,0,39,0,61.5046029,,61.4894539,61.5046029,62.5196789,62.5029969,63.2206097,down,1,0.7110894,None,3,PILOT20.04,1,2025-09-11_19h12.12.839,exp3.1,,2025.1.1,60.04613945,2025-09-11 19h12.31.190614 +0530,,,,,,,,1,,,,,
40,0,40,down,1,0.7649712,None,-5,40,0,40,0,63.235898,,63.2214048,63.235898,64.2355147,64.2355147,65.0025704,down,1,0.7649712,None,-5,PILOT20.04,1,2025-09-11_19h12.12.839,exp3.1,,2025.1.1,60.04613945,2025-09-11 19h12.31.190614 +0530,,,,,,,,1,,,,,
41,0,41,down,1,0.4933048,None,-2,41,0,41,0,65.0178076,,65.003486,65.0178076,66.0168898,66.0168898,66.5171175,down,1,0.4933048,None,-2,PILOT20.04,1,2025-09-11_19h12.12.839,exp3.1,,2025.1.1,60.04613945,2025-09-11 19h12.31.190614 +0530,,,,,,,,1,,,,,
42,0,42,down,1,0.4553992,None,-3,42,0,42,0,66.5329689,,66.5178786,66.5329689,67.5318978,67.5318978,67.9993332,down,1,0.4553992,None,-3,PILOT20.04,1,2025-09-11_19h12.12.839,exp3.1,,2025.1.1,60.04613945,2025-09-11 19h12.31.190614 +0530,,,,,,,,1,,,,,
43,0,43,down,0,0.2785592,None,0,43,0,43,0,68.0148312,,68.0000218,68.0148312,69.0133383,69.0133383,69.2980943,down,0,0.2785592,None,0,PILOT20.04,1,2025-09-11_19h12.12.839,exp3.1,,2025.1.1,60.04613945,2025-09-11 19h12.31.190614 +0530,,,,,,1,,,,,,,
44,0,44,up,1,0.3421205,None,0,44,0,44,0,69.3131197,,69.2985987,69.3131197,70.3121426,70.3121426,70.6633745,up,1,0.3421205,None,0,PILOT20.04,1,2025-09-11_19h12.12.839,exp3.1,,2025.1.1,60.04613945,2025-09-11 19h12.31.190614 +0530,,,,,1,,,,,,,,
45,0,45,up,1,0.6258804,None,0,45,0,45,0,70.6785068,,70.66405,70.6785068,71.6780473,71.6780473,72.3113173,up,1,0.6258804,None,0,PILOT20.04,1,2025-09-11_19h12.12.839,exp3.1,,2025.1.1,60.04613945,2025-09-11 19h12.31.190614 +0530,,,,,1,,,,,,,,
46,0,46,up,0,0.3345633,None,2,46,0,46,0,72.3274894,,72.3121902,72.3274894,73.3430495,73.3257914,73.6612914,up,0,0.3345633,None,2,PILOT20.04,1,2025-09-11_19h12.12.839,exp3.1,,2025.1.1,60.04613945,2025-09-11 19h12.31.190614 +0530,,,,,,,1,,,,,,
47,0,47,up,1,0.4483811,None,0,47,0,47,0,73.6755925,,73.6618024,73.6755925,74.6911503,74.6744465,75.1247971,up,1,0.4483811,None,0,PILOT20.04,1,2025-09-11_19h12.12.839,exp3.1,,2025.1.1,60.04613945,2025-09-11 19h12.31.190614 +0530,,,,,1,,,,,,,,
48,0,48,down,1,0.3072553,None,-5,48,0,48,0,75.140879,,75.1257778,75.140879,76.139584,76.139584,76.4575659,down,1,0.3072553,None,-5,PILOT20.04,1,2025-09-11_19h12.12.839,exp3.1,,2025.1.1,60.04613945,2025-09-11 19h12.31.190614 +0530,,,,,,,,1,,,,,
49,0,49,up,1,0.6064401,None,0,49,0,49,0,76.4731404,,76.4583367,76.4731404,77.4724598,77.4724598,78.0891541,up,1,0.6064401,None,0,PILOT20.04,1,2025-09-11_19h12.12.839,exp3.1,,2025.1.1,60.04613945,2025-09-11 19h12.31.190614 +0530,,,,,1,,,,,,,,
50,0,50,up,1,0.5107685,None,0,50,0,50,0,78.1054731,,78.0899711,78.1054731,79.1201429,79.1040579,79.6210042,up,1,0.5107685,None,0,PILOT20.04,1,2025-09-11_19h12.12.839,exp3.1,,2025.1.1,60.04613945,2025-09-11 19h12.31.190614 +0530,,,,,1,,,,,,,,
51,0,51,down,1,0.5598616,None,4,51,0,51,0,79.6362636,,79.6218716,79.6362636,80.6363426,80.6363426,81.2029601,down,1,0.5598616,None,4,PILOT20.04,1,2025-09-11_19h12.12.839,exp3.1,,2025.1.1,60.04613945,2025-09-11 19h12.31.190614 +0530,,,,,,,,1,,,,,
52,0,52,up,1,0.4948904,None,0,52,0,52,0,81.218015,,81.2036043,81.218015,82.2176587,82.2176587,82.7179495,up,1,0.4948904,None,0,PILOT20.04,1,2025-09-11_19h12.12.839,exp3.1,,2025.1.1,60.04613945,2025-09-11 19h12.31.190614 +0530,,,,,1,,,,,,,,
53,0,53,down,1,1.2418979,None,1,53,0,53,0,82.7337477,,82.7186764,82.7337477,83.7322184,83.7322184,84.9826389,down,1,1.2418979,None,1,PILOT20.04,1,2025-09-11_19h12.12.839,exp3.1,,2025.1.1,60.04613945,2025-09-11 19h12.31.190614 +0530,,,,,,,,1,,,,,
54,0,54,up,1,0.8767533,None,0,54,0,54,0,84.9982643,,84.9833447,84.9982643,85.9972547,85.9972547,86.8802194,up,1,0.8767533,None,0,PILOT20.04,1,2025-09-11_19h12.12.839,exp3.1,,2025.1.1,60.04613945,2025-09-11 19h12.31.190614 +0530,,,,,1,,,,,,,,
55,0,55,up,1,0.5826919,None,0,55,0,55,0,86.8963728,,86.8813495,86.8963728,87.9119932,87.8781912,88.4629097,up,1,0.5826919,None,0,PILOT20.04,1,2025-09-11_19h12.12.839,exp3.1,,2025.1.1,60.04613945,2025-09-11 19h12.31.190614 +0530,,,,,1,,,,,,,,
56,0,56,up,1,0.5641101,None,0,56,0,56,0,88.4776821,,88.4636189,88.4776821,89.4772741,89.4772741,90.0434963,up,1,0.5641101,None,0,PILOT20.04,1,2025-09-11_19h12.12.839,exp3.1,,2025.1.1,60.04613945,2025-09-11 19h12.31.190614 +0530,,,,,1,,,,,,,,
57,0,57,up,1,0.5125948,None,0,57,0,57,0,90.0597007,,90.0442917,90.0597007,91.0759397,91.0593754,91.575455,up,1,0.5125948,None,0,PILOT20.04,1,2025-09-11_19h12.12.839,exp3.1,,2025.1.1,60.04613945,2025-09-11 19h12.31.190614 +0530,,,,,1,,,,,,,,
58,0,58,up,0,0.3820944,None,3,58,0,58,0,91.5916433,,91.5761131,91.5916433,92.5908454,92.5908454,92.9741021,up,0,0.3820944,None,3,PILOT20.04,1,2025-09-11_19h12.12.839,exp3.1,,2025.1.1,60.04613945,2025-09-11 19h12.31.190614 +0530,,,,,,,1,,,,,,
59,0,59,down,1,0.7769779,None,3,59,0,59,0,92.9898585,,92.9749728,92.9898585,93.9890913,93.9890913,94.7726242,down,1,0.7769779,None,3,PILOT20.04,1,2025-09-11_19h12.12.839,exp3.1,,2025.1.1,60.04613945,2025-09-11 19h12.31.190614 +0530,,,,,,,,1,,,,,
60,0,60,up,1,0.6400655,None,0,60,0,60,0,94.7886022,,94.773324,94.7886022,95.7879729,95.7879729,96.4380687,up,1,0.6400655,None,0,PILOT20.04,1,2025-09-11_19h12.12.839,exp3.1,,2025.1.1,60.04613945,2025-09-11 19h12.31.190614 +0530,,,,,1,,,,,,,,
61,0,61,down,1,0.5751426,None,-5,61,0,61,0,96.4537074,,96.4388537,96.4537074,97.4691599,97.4530347,98.0361205,down,1,0.5751426,None,-5,PILOT20.04,1,2025-09-11_19h12.12.839,exp3.1,,2025.1.1,60.04613945,2025-09-11 19h12.31.190614 +0530,,,,,,,,1,,,,,
62,0,62,up,1,0.931967,None,0,62,0,62,0,98.0513688,,98.036888,98.0513688,99.0515034,99.0515034,99.9846485,up,1,0.931967,None,0,PILOT20.04,1,2025-09-11_19h12.12.839,exp3.1,,2025.1.1,60.04613945,2025-09-11 19h12.31.190614 +0530,,,,,1,,,,,,,,
63,0,63,down,1,0.7069015,None,-3,63,0,63,0,100.0001791,,99.9854092,100.0001791,100.9992996,100.9992996,101.7163492,down,1,0.7069015,None,-3,PILOT20.04,1,2025-09-11_19h12.12.839,exp3.1,,2025.1.1,60.04613945,2025-09-11 19h12.31.190614 +0530,,,,,,,,1,,,,,
64,0,64,up,0,0.3763463,None,-3,64,0,64,0,101.7318444,,101.7170288,101.7318444,102.7475773,102.7309025,103.1150635,up,0,0.3763463,None,-3,PILOT20.04,1,2025-09-11_19h12.12.839,exp3.1,,2025.1.1,60.04613945,2025-09-11 19h12.31.190614 +0530,,,,,,,1,,,,,,
65,0,65,down,1,0.8484348,None,-5,65,0,65,0,103.1299701,,103.1156331,103.1299701,104.1296424,104.1296424,104.9798454,down,1,0.8484348,None,-5,PILOT20.04,1,2025-09-11_19h12.12.839,exp3.1,,2025.1.1,60.04613945,2025-09-11 19h12.31.190614 +0530,,,,,,,,1,,,,,
66,0,66,down,1,0.7187492,None,4,66,0,66,0,104.9952897,,104.9806245,104.9952897,106.0114196,105.9942572,106.7284948,down,1,0.7187492,None,4,PILOT20.04,1,2025-09-11_19h12.12.839,exp3.1,,2025.1.1,60.04613945,2025-09-11 19h12.31.190614 +0530,,,,,,,,1,,,,,
67,0,67,down,0,0.6230064,None,0,67,0,67,0,106.7438945,,106.7292017,106.7438945,107.7587121,107.742128,108.3759037,down,0,0.6230064,None,0,PILOT20.04,1,2025-09-11_19h12.12.839,exp3.1,,2025.1.1,60.04613945,2025-09-11 19h12.31.190614 +0530,,,,,,1,,,,,,,
68,0,68,down,1,0.7200882,None,-4,68,0,68,0,108.3918196,,108.37638,108.3918196,109.4078007,109.3907248,110.1246561,down,1,0.7200882,None,-4,PILOT20.04,1,2025-09-11_19h12.12.839,exp3.1,,2025.1.1,60.04613945,2025-09-11 19h12.31.190614 +0530,,,,,,,,1,,,,,
69,0,69,up,0,0.7974163,None,-2,69,0,69,0,110.1402674,,110.1253442,110.1402674,111.13911,111.13911,111.9381201,up,0,0.7974163,None,-2,PILOT20.04,1,2025-09-11_19h12.12.839,exp3.1,,2025.1.1,60.04613945,2025-09-11 19h12.31.190614 +0530,,,,,,,1,,,,,,
70,0,70,up,1,0.6455923,None,0,70,0,70,0,111.954366,,111.9384177,111.954366,112.9538464,112.9538464,113.6050428,up,1,0.6455923,None,0,PILOT20.04,1,2025-09-11_19h12.12.839,exp3.1,,2025.1.1,60.04613945,2025-09-11 19h12.31.190614 +0530,,,,,1,,,,,,,,
71,0,71,up,0,0.5305947,None,-3,71,0,71,0,113.6202566,,113.6056239,113.6202566,114.6361366,114.6187749,115.1528457,up,0,0.5305947,None,-3,PILOT20.04,1,2025-09-11_19h12.12.839,exp3.1,,2025.1.1,60.04613945,2025-09-11 19h12.31.190614 +0530,,,,,,,1,,,,,,
72,0,72,up,1,0.4391493,None,0,72,0,72,0,115.1684015,,115.1535663,115.1684015,116.167421,116.167421,116.6179022,up,1,0.4391493,None,0,PILOT20.04,1,2025-09-11_19h12.12.839,exp3.1,,2025.1.1,60.04613945,2025-09-11 19h12.31.190614 +0530,,,,,1,,,,,,,,
73,0,73,up,1,0.5734689,None,0,73,0,73,0,116.633625,,116.6186558,116.633625,117.6495342,117.6330324,118.2158203,up,1,0.5734689,None,0,PILOT20.04,1,2025-09-11_19h12.12.839,exp3.1,,2025.1.1,60.04613945,2025-09-11 19h12.31.190614 +0530,,,,,1,,,,,,,,
74,0,74,up,1,0.4328289,None,0,74,0,74,0,118.231914,,118.2163233,118.231914,119.2483846,119.2309171,119.6655936,up,1,0.4328289,None,0,PILOT20.04,1,2025-09-11_19h12.12.839,exp3.1,,2025.1.1,60.04613945,2025-09-11 19h12.31.190614 +0530,,,,,1,,,,,,,,
75,0,75,up,0,0.3753307,None,-4,75,0,75,0,119.6813804,,119.6664237,119.6813804,120.6963447,120.6798642,121.0643919,up,0,0.3753307,None,-4,PILOT20.04,1,2025-09-11_19h12.12.839,exp3.1,,2025.1.1,60.04613945,2025-09-11 19h12.31.190614 +0530,,,,,,,1,,,,,,
76,0,76,down,1,0.6924817,None,-2,76,0,76,0,121.0798299,,121.0651907,121.0798299,122.0953705,122.0789993,122.7789153,down,1,0.6924817,None,-2,PILOT20.04,1,2025-09-11_19h12.12.839,exp3.1,,2025.1.1,60.04613945,2025-09-11 19h12.31.190614 +0530,,,,,,,,1,,,,,
77,0,77,down,0,0.7283397,None,0,77,0,77,0,122.794461,,122.7799733,122.794461,123.793199,123.793199,124.5272759,down,0,0.7283397,None,0,PILOT20.04,1,2025-09-11_19h12.12.839,exp3.1,,2025.1.1,60.04613945,2025-09-11 19h12.31.190614 +0530,,,,,,1,,,,,,,
78,0,78,down,0,0.7851253,None,0,78,0,78,0,124.5432385,,124.5277556,124.5432385,125.5586675,125.5420521,126.3424737,down,0,0.7851253,None,0,PILOT20.04,1,2025-09-11_19h12.12.839,exp3.1,,2025.1.1,60.04613945,2025-09-11 19h12.31.190614 +0530,,,,,,1,,,,,,,
79,0,79,down,0,0.714525,None,0,79,0,79,0,126.3576441,,126.3430403,126.3576441,127.3729004,127.3562675,128.0736522,down,0,0.714525,None,0,PILOT20.04,1,2025-09-11_19h12.12.839,exp3.1,,2025.1.1,60.04613945,2025-09-11 19h12.31.190614 +0530,,,,,,1,,,,,,,
80,0,80,up,0,0.6932393,None,-4,80,0,80,0,128.088815,,128.0742469,128.088815,129.0885373,129.0885373,129.7888731,up,0,0.6932393,None,-4,PILOT20.04,1,2025-09-11_19h12.12.839,exp3.1,,2025.1.1,60.04613945,2025-09-11 19h12.31.190614 +0530,,,,,,,1,,,,,,
81,0,81,down,1,1.2793014,None,2,81,0,81,0,129.8044871,,129.7894426,129.8044871,130.8201426,130.8035767,132.0861912,down,1,1.2793014,None,2,PILOT20.04,1,2025-09-11_19h12.12.839,exp3.1,,2025.1.1,60.04613945,2025-09-11 19h12.31.190614 +0530,,,,,,,,1,,,,,
82,0,82,down,1,0.5726919,None,-4,82,0,82,0,132.1021841,,132.0870318,132.1021841,133.1179319,133.1012354,133.6848636,down,1,0.5726919,None,-4,PILOT20.04,1,2025-09-11_19h12.12.839,exp3.1,,2025.1.1,60.04613945,2025-09-11 19h12.31.190614 +0530,,,,,,,,1,,,,,
83,0,83,down,1,0.4753231,None,-2,83,0,83,0,133.7008621,,133.685653,133.7008621,134.7162068,134.6995327,135.183459,down,1,0.4753231,None,-2,PILOT20.04,1,2025-09-11_19h12.12.839,exp3.1,,2025.1.1,60.04613945,2025-09-11 19h12.31.190614 +0530,,,,,,,,1,,,,,
84,0,84,down,0,0.3863897,None,0,84,0,84,0,135.1990422,,135.1841848,135.1990422,136.1982063,136.1982063,136.5984843,down,0,0.3863897,None,0,PILOT20.04,1,2025-09-11_19h12.12.839,exp3.1,,2025.1.1,60.04613945,2025-09-11 19h12.31.190614 +0530,,,,,,1,,,,,,,
85,0,85,up,1,0.5078243,None,0,85,0,85,0,136.6138609,,136.5993352,136.6138609,137.6302077,137.6134135,138.1306416,up,1,0.5078243,None,0,PILOT20.04,1,2025-09-11_19h12.12.839,exp3.1,,2025.1.1,60.04613945,2025-09-11 19h12.31.190614 +0530,,,,,1,,,,,,,,
86,0,86,down,1,0.7516968,None,-4,86,0,86,0,138.1462603,,138.1314979,138.1462603,139.1619899,139.1451712,139.9123981,down,1,0.7516968,None,-4,PILOT20.04,1,2025-09-11_19h12.12.839,exp3.1,,2025.1.1,60.04613945,2025-09-11 19h12.31.190614 +0530,,,,,,,,1,,,,,
87,0,87,up,0,0.3819889,None,-2,87,0,87,0,139.9285066,,139.9131848,139.9285066,140.9435178,140.9272086,141.3110525,up,0,0.3819889,None,-2,PILOT20.04,1,2025-09-11_19h12.12.839,exp3.1,,2025.1.1,60.04613945,2025-09-11 19h12.31.190614 +0530,,,,,,,1,,,,,,
88,0,88,up,1,0.7153224,None,0,88,0,88,0,141.3264664,,141.3115612,141.3264664,142.3419936,142.3254378,143.0426485,up,1,0.7153224,None,0,PILOT20.04,1,2025-09-11_19h12.12.839,exp3.1,,2025.1.1,60.04613945,2025-09-11 19h12.31.190614 +0530,,,,,1,,,,,,,,
89,0,89,up,1,0.5945525,None,0,89,0,89,0,143.0584117,,143.0433138,143.0584117,144.0743511,144.0573647,144.6577771,up,1,0.5945525,None,0,PILOT20.04,1,2025-09-11_19h12.12.839,exp3.1,,2025.1.1,60.04613945,2025-09-11 19h12.31.190614 +0530,,,,,1,,,,,,,,
90,0,90,up,1,0.4405827,None,0,90,0,90,0,144.6732138,,144.6586302,144.6732138,145.672285,145.672285,146.1228269,up,1,0.4405827,None,0,PILOT20.04,1,2025-09-11_19h12.12.839,exp3.1,,2025.1.1,60.04613945,2025-09-11 19h12.31.190614 +0530,,,,,1,,,,,,,,
91,0,91,up,0,0.3455337,None,3,91,0,91,0,146.1379548,,146.1237385,146.1379548,147.153855,147.1368759,147.488157,up,0,0.3455337,None,3,PILOT20.04,1,2025-09-11_19h12.12.839,exp3.1,,2025.1.1,60.04613945,2025-09-11 19h12.31.190614 +0530,,,,,,,1,,,,,,
92,0,92,up,0,0.0353292,None,-2,92,0,92,0,147.5037761,,147.4890814,147.5037761,148.5028822,148.5028822,148.5532346,up,0,0.0353292,None,-2,PILOT20.04,1,2025-09-11_19h12.12.839,exp3.1,,2025.1.1,60.04613945,2025-09-11 19h12.31.190614 +0530,,,,,,,1,,,,,,
93,0,93,up,1,0.4169523,None,0,93,0,93,0,148.5690956,,148.5540071,148.5690956,149.5685973,149.5685973,150.0025161,up,1,0.4169523,None,0,PILOT20.04,1,2025-09-11_19h12.12.839,exp3.1,,2025.1.1,60.04613945,2025-09-11 19h12.31.190614 +0530,,,,,1,,,,,,,,
94,0,94,up,1,0.2802325,None,0,94,0,94,0,150.018052,,150.0031979,150.018052,151.0337264,151.0164242,151.3010423,up,1,0.2802325,None,0,PILOT20.04,1,2025-09-11_19h12.12.839,exp3.1,,2025.1.1,60.04613945,2025-09-11 19h12.31.190614 +0530,,,,,1,,,,,,,,
95,0,95,up,1,0.2861147,None,0,95,0,95,0,151.3164474,,151.3016178,151.3164474,152.3153109,152.3153109,152.6165597,up,1,0.2861147,None,0,PILOT20.04,1,2025-09-11_19h12.12.839,exp3.1,,2025.1.1,60.04613945,2025-09-11 19h12.31.190614 +0530,,,,,1,,,,,,,,
96,0,96,up,0,0.2315962,None,3,96,0,96,0,152.632072,,152.617252,152.632072,153.6473927,153.6311772,153.8647194,up,0,0.2315962,None,3,PILOT20.04,1,2025-09-11_19h12.12.839,exp3.1,,2025.1.1,60.04613945,2025-09-11 19h12.31.190614 +0530,,,,,,,1,,,,,,
97,0,97,up,0,0.4182502,None,-4,97,0,97,0,153.8808653,,153.8654852,153.8808653,154.8799744,154.8799744,155.3136071,up,0,0.4182502,None,-4,PILOT20.04,1,2025-09-11_19h12.12.839,exp3.1,,2025.1.1,60.04613945,2025-09-11 19h12.31.190614 +0530,,,,,,,1,,,,,,
98,0,98,down,1,0.7818925,None,-5,98,0,98,0,155.3294682,,155.3143537,155.3294682,156.328755,156.328755,157.1121354,down,1,0.7818925,None,-5,PILOT20.04,1,2025-09-11_19h12.12.839,exp3.1,,2025.1.1,60.04613945,2025-09-11 19h12.31.190614 +0530,,,,,,,,1,,,,,
99,0,99,up,0,0.8238955,None,1,99,0,99,0,157.1272886,,157.1129205,157.1272886,158.1267952,158.1267952,158.9595719,up,0,0.8238955,None,1,PILOT20.04,1,2025-09-11_19h12.12.839,exp3.1,,2025.1.1,60.04613945,2025-09-11 19h12.31.190614 +0530,,,,,,,1,,,,,,
,,,,,,,,,,,,,,,,,,,,,,,,,,,,,,,,,,,,38,8,23,31,,,,,
